filename,confidence_score,ptm,iptm,ligand_iptm,protein_iptm,complex_plddt,complex_iplddt,complex_pde,complex_ipde,chains_ptm_0,chains_ptm_1,pair_iptm_0_0,pair_iptm_0_1,pair_iptm_1_0,pair_iptm_1_1
confidence_x02914-1_model_0.json,0.9489390254020691,0.966079831123352,0.9626303911209106,0.9626303911209106,0.0,0.9455161690711975,0.9128502607345581,0.38207095861434937,0.585559070110321,0.9664785861968994,0.8848972916603088,0.9664785861968994,0.6445520520210266,0.9626303911209106,0.8848972916603088
confidence_x01325-1_model_0.json,0.9482042193412781,0.9670731425285339,0.9641157388687134,0.9641157388687134,0.0,0.9442263245582581,0.919732391834259,0.36742305755615234,0.6192126870155334,0.9673089981079102,0.9752243757247925,0.9673089981079102,0.6677154302597046,0.9641157388687134,0.9752243757247925
confidence_x02696-1_model_0.json,0.9306979179382324,0.9652246832847595,0.9780635237693787,0.9780635237693787,0.0,0.9188565611839294,0.8238366842269897,0.36122846603393555,0.4746013581752777,0.9643121361732483,0.9645418524742126,0.9643121361732483,0.7348552942276001,0.9780635237693787,0.9645418524742126
confidence_x03039-1_model_0.json,0.956317126750946,0.9585233926773071,0.983771800994873,0.983771800994873,0.0,0.9494535326957703,0.9501173496246338,0.37447643280029297,0.4315517246723175,0.956840455532074,0.9592817425727844,0.956840455532074,0.7401785254478455,0.983771800994873,0.9592817425727844
confidence_x01249-1_model_0.json,0.948305606842041,0.9732604026794434,0.9261946082115173,0.9261946082115173,0.0,0.9538334012031555,0.8963927030563354,0.363648384809494,1.1557269096374512,0.9752737879753113,0.9818275570869446,0.9752737879753113,0.5865269303321838,0.9261946082115173,0.9818275570869446
confidence_x02819-1_model_0.json,0.9346739649772644,0.9589024782180786,0.9653058052062988,0.9653058052062988,0.0,0.927016019821167,0.8500702381134033,0.40111008286476135,0.62321537733078,0.9586308598518372,0.911975622177124,0.9586308598518372,0.5839430093765259,0.9653058052062988,0.911975622177124
confidence_x01438-1_model_0.json,0.898106038570404,0.9498391151428223,0.6909449100494385,0.6909449100494385,0.0,0.9498962163925171,0.88304603099823,0.7072421312332153,4.8644866943359375,0.9662101864814758,0.855246901512146,0.9662101864814758,0.2737387716770172,0.6909449100494385,0.855246901512146
confidence_x00990-1_model_0.json,0.9386585354804993,0.9620034098625183,0.8866066932678223,0.8866066932678223,0.0,0.9516714215278625,0.9073110222816467,0.42228445410728455,1.464463710784912,0.9655640721321106,0.9596431851387024,0.9655640721321106,0.37903687357902527,0.8866066932678223,0.9596431851387024
confidence_x02800-1_model_0.json,0.9385520219802856,0.9532928466796875,0.9640356302261353,0.9640356302261353,0.0,0.9321810603141785,0.919788658618927,0.42891085147857666,0.6354316473007202,0.9522650837898254,0.8781358599662781,0.9522650837898254,0.560217559337616,0.9640356302261353,0.8781358599662781
confidence_x03401-1_model_0.json,0.9412274360656738,0.9612836837768555,0.9392976760864258,0.9392976760864258,0.0,0.9417098760604858,0.8806318640708923,0.40007349848747253,0.7678813934326172,0.96332848072052,0.9414365291595459,0.96332848072052,0.5878910422325134,0.9392976760864258,0.9414365291595459
confidence_x02858-1_model_0.json,0.9501463770866394,0.9557655453681946,0.9667744040489197,0.9667744040489197,0.0,0.9459894299507141,0.9182050824165344,0.40037277340888977,0.6043427586555481,0.9549709558486938,0.9642946720123291,0.9549709558486938,0.6981374621391296,0.9667744040489197,0.9642946720123291
confidence_x02736-1_model_0.json,0.9365414977073669,0.9519649744033813,0.9283624291419983,0.9283624291419983,0.0,0.9385862350463867,0.8830825090408325,0.4621637165546417,0.924071192741394,0.9544535875320435,0.9066590666770935,0.9544535875320435,0.5075721144676208,0.9283624291419983,0.9066590666770935
confidence_x03400-1_model_0.json,0.9496898055076599,0.9600304961204529,0.963370144367218,0.963370144367218,0.0,0.946269690990448,0.9073890447616577,0.389832079410553,0.6089349389076233,0.9598305225372314,0.9518910646438599,0.9598305225372314,0.6551187038421631,0.963370144367218,0.9518910646438599
confidence_x00981-1_model_0.json,0.9589350819587708,0.9681433439254761,0.9891698956489563,0.9891698956489563,0.0,0.9513763785362244,0.946537971496582,0.3396725058555603,0.38945654034614563,0.9673191905021667,0.9874400496482849,0.9673191905021667,0.8205046057701111,0.9891698956489563,0.9874400496482849
confidence_x03004-1_model_0.json,0.9497591257095337,0.9639012217521667,0.9525726437568665,0.9525726437568665,0.0,0.9490556716918945,0.9217626452445984,0.3942241370677948,0.7265103459358215,0.9651561975479126,0.9445589780807495,0.9651561975479126,0.6884804964065552,0.9525726437568665,0.9445589780807495
confidence_x00046-1_model_0.json,0.9297052621841431,0.9644683003425598,0.841848611831665,0.841848611831665,0.0,0.9516693949699402,0.8785264492034912,0.44849714636802673,2.1777868270874023,0.9693755507469177,0.9628691673278809,0.9693755507469177,0.37354859709739685,0.841848611831665,0.9628691673278809
confidence_x01306-1_model_0.json,0.9570614695549011,0.9535945057868958,0.986176073551178,0.986176073551178,0.0,0.9497828483581543,0.9506317377090454,0.4035412073135376,0.47139549255371094,0.9523895382881165,0.9757043719291687,0.9523895382881165,0.7826331257820129,0.986176073551178,0.9757043719291687
confidence_x02904-1_model_0.json,0.9418284296989441,0.9662639498710632,0.9599381685256958,0.9599381685256958,0.0,0.9373010396957397,0.8858675956726074,0.3793446719646454,0.6414650082588196,0.9668024182319641,0.9278308749198914,0.9668024182319641,0.6693254113197327,0.9599381685256958,0.9278308749198914
confidence_x02776-1_model_0.json,0.952995777130127,0.9563596844673157,0.9679857492446899,0.9679857492446899,0.0,0.9492483139038086,0.9333432912826538,0.4006253182888031,0.5821056365966797,0.955499529838562,0.954165518283844,0.955499529838562,0.7114636898040771,0.9679857492446899,0.954165518283844
confidence_x02872-1_model_0.json,0.9267753958702087,0.9544862508773804,0.9260982275009155,0.9260982275009155,0.0,0.9269446730613708,0.8332462906837463,0.43505361676216125,0.881199061870575,0.9566314816474915,0.9134465456008911,0.9566314816474915,0.4943508207798004,0.9260982275009155,0.9134465456008911
confidence_x03279-1_model_0.json,0.9462798237800598,0.9603675007820129,0.9743594527244568,0.9743594527244568,0.0,0.9392598867416382,0.9193861484527588,0.38495972752571106,0.5113269090652466,0.9594411849975586,0.9382636547088623,0.9594411849975586,0.6970354318618774,0.9743594527244568,0.9382636547088623
confidence_x03172-1_model_0.json,0.9510654807090759,0.9603614807128906,0.9661269187927246,0.9661269187927246,0.0,0.947300136089325,0.9308907985687256,0.38871535658836365,0.574699342250824,0.9599910378456116,0.9152371883392334,0.9599910378456116,0.5805885195732117,0.9661269187927246,0.9152371883392334
confidence_x02790-1_model_0.json,0.9408106803894043,0.9607357978820801,0.9654335975646973,0.9654335975646973,0.0,0.934654951095581,0.8799697756767273,0.4010964035987854,0.6551518440246582,0.9604735970497131,0.9573232531547546,0.9604735970497131,0.7227951288223267,0.9654335975646973,0.9573232531547546
confidence_x03063-1_model_0.json,0.9480862617492676,0.9620795249938965,0.9637650847434998,0.9637650847434998,0.0,0.9441666007041931,0.9189584255218506,0.39025309681892395,0.6082460284233093,0.9620566368103027,0.9169623851776123,0.9620566368103027,0.6031331419944763,0.9637650847434998,0.9169623851776123
confidence_x03147-1_model_0.json,0.945690929889679,0.9573066830635071,0.9679648876190186,0.9679648876190186,0.0,0.9401224255561829,0.9127209186553955,0.4024428427219391,0.573658287525177,0.9564127922058105,0.8991881608963013,0.9564127922058105,0.669403612613678,0.9679648876190186,0.8991881608963013
confidence_x03250-1_model_0.json,0.9474057555198669,0.9626880288124084,0.9640964269638062,0.9640964269638062,0.0,0.943233072757721,0.9288744926452637,0.3905521333217621,0.6414468884468079,0.9626473188400269,0.8791162967681885,0.9626473188400269,0.6199102997779846,0.9640964269638062,0.8791162967681885
confidence_x00162-1_model_0.json,0.9538959860801697,0.9439876079559326,0.9587645530700684,0.9587645530700684,0.0,0.9526787996292114,0.9292187690734863,0.4463506042957306,0.684089183807373,0.9430650472640991,0.9647585153579712,0.9430650472640991,0.6465156674385071,0.9587645530700684,0.9647585153579712
confidence_x02962-1_model_0.json,0.9408909678459167,0.960822582244873,0.9630618691444397,0.9630618691444397,0.0,0.9353482723236084,0.8674293160438538,0.38474375009536743,0.590158998966217,0.960737943649292,0.9358068108558655,0.960737943649292,0.6197834014892578,0.9630618691444397,0.9358068108558655
confidence_x00913-1_model_0.json,0.9533700346946716,0.9631099104881287,0.9552685022354126,0.9552685022354126,0.0,0.9528954029083252,0.9213607907295227,0.3773980736732483,0.6873796582221985,0.9636186957359314,0.9572121500968933,0.9636186957359314,0.5832265615463257,0.9552685022354126,0.9572121500968933
confidence_x00644-1_model_0.json,0.9465257525444031,0.9588419198989868,0.9457572102546692,0.9457572102546692,0.0,0.9467179179191589,0.906295657157898,0.4016728699207306,0.7203510403633118,0.9596297144889832,0.9428989887237549,0.9596297144889832,0.4884568154811859,0.9457572102546692,0.9428989887237549
confidence_x03259-1_model_0.json,0.9411258697509766,0.9543582797050476,0.9565601348876953,0.9565601348876953,0.0,0.9372672438621521,0.9196081161499023,0.42059236764907837,0.7114706635475159,0.9545831680297852,0.9196901321411133,0.9545831680297852,0.5882960557937622,0.9565601348876953,0.9196901321411133
confidence_x00433-1_model_0.json,0.9506987929344177,0.9559412598609924,0.9506121873855591,0.9506121873855591,0.0,0.9507204294204712,0.9256718158721924,0.4010460376739502,0.6822690963745117,0.9562752842903137,0.923383355140686,0.9562752842903137,0.4918610155582428,0.9506121873855591,0.923383355140686
confidence_x01382-1_model_0.json,0.9519261717796326,0.9670604467391968,0.9443924427032471,0.9443924427032471,0.0,0.9538095593452454,0.9284465312957764,0.36855554580688477,0.7603796124458313,0.9683361053466797,0.9344077706336975,0.9683361053466797,0.4625726342201233,0.9443924427032471,0.9344077706336975
confidence_x01009-1_model_0.json,0.9676746726036072,0.9660343527793884,0.9895629286766052,0.9895629286766052,0.0,0.9622026085853577,0.9667807817459106,0.3506705164909363,0.39590588212013245,0.9648685455322266,0.9846692681312561,0.9648685455322266,0.8384780287742615,0.9895629286766052,0.9846692681312561
confidence_x03194-1_model_0.json,0.9399986267089844,0.954649031162262,0.9753126502037048,0.9753126502037048,0.0,0.9311701655387878,0.9009688496589661,0.40039554238319397,0.5225494503974915,0.952930748462677,0.9649316072463989,0.952930748462677,0.7505078911781311,0.9753126502037048,0.9649316072463989
confidence_x03363-1_model_0.json,0.951234757900238,0.9639968872070312,0.9738923907279968,0.9738923907279968,0.0,0.9455703496932983,0.9171611070632935,0.3780139684677124,0.5469412207603455,0.9632194638252258,0.9555738568305969,0.9632194638252258,0.7528775334358215,0.9738923907279968,0.9555738568305969
confidence_x01287-1_model_0.json,0.9566642045974731,0.9677197933197021,0.9643132090568542,0.9643132090568542,0.0,0.9547519087791443,0.9428684115409851,0.3561835289001465,0.6925442218780518,0.9680635929107666,0.9577829241752625,0.9680635929107666,0.5522922277450562,0.9643132090568542,0.9577829241752625
confidence_x03464-1_model_0.json,0.9448783993721008,0.9648348093032837,0.9565472602844238,0.9565472602844238,0.0,0.9419611096382141,0.8972955942153931,0.38473209738731384,0.6761303544044495,0.9655970931053162,0.9523804187774658,0.9655970931053162,0.6510602235794067,0.9565472602844238,0.9523804187774658
confidence_x03463-1_model_0.json,0.9176462292671204,0.9540396928787231,0.9647670984268188,0.9647670984268188,0.0,0.9058659672737122,0.8136645555496216,0.42021143436431885,0.6556426286697388,0.9531874656677246,0.9127039909362793,0.9531874656677246,0.5779128074645996,0.9647670984268188,0.9127039909362793
confidence_x02989-1_model_0.json,0.937364399433136,0.9560568928718567,0.9564024209976196,0.9564024209976196,0.0,0.9326049089431763,0.8752637505531311,0.40728411078453064,0.6741304993629456,0.9561927914619446,0.9536820650100708,0.9561927914619446,0.6023152470588684,0.9564024209976196,0.9536820650100708
confidence_x03462-1_model_0.json,0.9277119040489197,0.9526029825210571,0.941223680973053,0.941223680973053,0.0,0.9243338704109192,0.8149135112762451,0.4426320791244507,0.8070835471153259,0.9538424015045166,0.8510216474533081,0.9538424015045166,0.4999186396598816,0.941223680973053,0.8510216474533081
confidence_x00052-1_model_0.json,0.9335706830024719,0.950311541557312,0.8805642127990723,0.8805642127990723,0.0,0.9468223452568054,0.9141836762428284,0.4549679756164551,1.4910955429077148,0.9530141949653625,0.9617955684661865,0.9530141949653625,0.37778833508491516,0.8805642127990723,0.9617955684661865
confidence_x00720-1_model_0.json,0.9342039227485657,0.9567990303039551,0.9348422884941101,0.9348422884941101,0.0,0.9340443015098572,0.8688867092132568,0.4150269031524658,0.8177127838134766,0.9581564664840698,0.9283515810966492,0.9581564664840698,0.48953402042388916,0.9348422884941101,0.9283515810966492
confidence_x00242-1_model_0.json,0.9349750876426697,0.962451159954071,0.8947741985321045,0.8947741985321045,0.0,0.9450252056121826,0.8872851133346558,0.4110509753227234,1.3076808452606201,0.9652354717254639,0.9273696541786194,0.9652354717254639,0.3984021246433258,0.8947741985321045,0.9273696541786194
confidence_x03055-1_model_0.json,0.9350266456604004,0.958580732345581,0.9493856430053711,0.9493856430053711,0.0,0.9314368963241577,0.8465232849121094,0.4192001223564148,0.771162211894989,0.9596822261810303,0.8992668390274048,0.9596822261810303,0.5142280459403992,0.9493856430053711,0.8992668390274048
confidence_x01233-1_model_0.json,0.949174702167511,0.9543448090553284,0.9578242897987366,0.9578242897987366,0.0,0.9470122456550598,0.9219051003456116,0.4008098840713501,0.6933420300483704,0.9543096423149109,0.9807341694831848,0.9543096423149109,0.6315656304359436,0.9578242897987366,0.9807341694831848
confidence_x00409-1_model_0.json,0.9456329345703125,0.9647780656814575,0.9685046076774597,0.9685046076774597,0.0,0.9399150609970093,0.8972872495651245,0.3610597550868988,0.5412185192108154,0.9646490812301636,0.9331616163253784,0.9646490812301636,0.5601584911346436,0.9685046076774597,0.9331616163253784
confidence_x03117-1_model_0.json,0.9445765614509583,0.96302729845047,0.9759236574172974,0.9759236574172974,0.0,0.9367397427558899,0.9240989685058594,0.3743037283420563,0.52756267786026,0.961868941783905,0.9661794900894165,0.961868941783905,0.7546968460083008,0.9759236574172974,0.9661794900894165
confidence_x03204-1_model_0.json,0.9323645830154419,0.9678532481193542,0.9403963685035706,0.9403963685035706,0.0,0.9303566217422485,0.8591783046722412,0.37808138132095337,0.790311872959137,0.969696581363678,0.8866576552391052,0.969696581363678,0.47112444043159485,0.9403963685035706,0.8866576552391052
confidence_x03454-1_model_0.json,0.9397663474082947,0.9564270973205566,0.9585106372833252,0.9585106372833252,0.0,0.9350801706314087,0.8972920775413513,0.4293627142906189,0.68153977394104,0.9563365578651428,0.846428394317627,0.9563365578651428,0.5510074496269226,0.9585106372833252,0.846428394317627
confidence_x02797-1_model_0.json,0.9111061096191406,0.9624624252319336,0.9360777139663696,0.9360777139663696,0.0,0.9048632383346558,0.7568323612213135,0.426757276058197,0.8227699995040894,0.9653041362762451,0.8799207210540771,0.9653041362762451,0.5331646203994751,0.9360777139663696,0.8799207210540771
confidence_x00348-1_model_0.json,0.9537000060081482,0.9650663733482361,0.9523137807846069,0.9523137807846069,0.0,0.9540464878082275,0.9191870093345642,0.3775969445705414,0.7500914931297302,0.9657875895500183,0.9561135768890381,0.9657875895500183,0.47339773178100586,0.9523137807846069,0.9561135768890381
confidence_x03234-1_model_0.json,0.9464967846870422,0.9581103324890137,0.9791216254234314,0.9791216254234314,0.0,0.9383406043052673,0.9090564250946045,0.3845234513282776,0.5063149333000183,0.9563616514205933,0.971355140209198,0.9563616514205933,0.7718108892440796,0.9791216254234314,0.971355140209198
confidence_x00612-1_model_0.json,0.9420086145401001,0.9624782204627991,0.9390308856964111,0.9390308856964111,0.0,0.9427530169487,0.920524537563324,0.39910784363746643,0.8269596099853516,0.964050829410553,0.9523388743400574,0.964050829410553,0.58348548412323,0.9390308856964111,0.9523388743400574
confidence_x00512-1_model_0.json,0.9588128924369812,0.9598552584648132,0.965391993522644,0.965391993522644,0.0,0.9571681618690491,0.9427333474159241,0.3887731432914734,0.6298297047615051,0.9597365856170654,0.9702181220054626,0.9597365856170654,0.6754912734031677,0.965391993522644,0.9702181220054626
confidence_x02813-1_model_0.json,0.9464177489280701,0.9579540491104126,0.9760366082191467,0.9760366082191467,0.0,0.9390129446983337,0.9204400777816772,0.39717134833335876,0.5291540026664734,0.9565736651420593,0.9641284942626953,0.9565736651420593,0.7206303477287292,0.9760366082191467,0.9641284942626953
confidence_x00982-1_model_0.json,0.9514984488487244,0.9606295228004456,0.9380677342414856,0.9380677342414856,0.0,0.9548560380935669,0.9104980826377869,0.39889588952064514,0.8600781559944153,0.961793839931488,0.9703443646430969,0.961793839931488,0.5867505669593811,0.9380677342414856,0.9703443646430969
confidence_x01411-1_model_0.json,0.947004497051239,0.9617653489112854,0.9640876650810242,0.9640876650810242,0.0,0.9427337050437927,0.900641918182373,0.3803514540195465,0.6157808899879456,0.9617688655853271,0.9497247934341431,0.9617688655853271,0.5087818503379822,0.9640876650810242,0.9497247934341431
confidence_x03297-1_model_0.json,0.9341130256652832,0.9482100605964661,0.9358114004135132,0.9358114004135132,0.0,0.9336884617805481,0.8696881532669067,0.462553471326828,0.8467229008674622,0.9494022727012634,0.9087851047515869,0.9494022727012634,0.5095160603523254,0.9358114004135132,0.9087851047515869
confidence_x03096-1_model_0.json,0.9552714228630066,0.9670810699462891,0.969980001449585,0.969980001449585,0.0,0.9515942931175232,0.9457648992538452,0.3689943850040436,0.5826712250709534,0.9669886231422424,0.9155963063240051,0.9669886231422424,0.6575441956520081,0.969980001449585,0.9155963063240051
confidence_x01295-1_model_0.json,0.9603935480117798,0.967095673084259,0.9871234893798828,0.9871234893798828,0.0,0.9537110328674316,0.95015549659729,0.35262152552604675,0.42366525530815125,0.9662405848503113,0.9347965717315674,0.9662405848503113,0.6143075823783875,0.9871234893798828,0.9347965717315674
confidence_x01234-1_model_0.json,0.9302350282669067,0.9646013975143433,0.8857582211494446,0.8857582211494446,0.0,0.9413542151451111,0.8598641157150269,0.4225655496120453,1.3300305604934692,0.9697140455245972,0.9137428402900696,0.9697140455245972,0.4360106885433197,0.8857582211494446,0.9137428402900696
confidence_x03264-1_model_0.json,0.9534540176391602,0.9672123193740845,0.9739998579025269,0.9739998579025269,0.0,0.9483175873756409,0.9270979762077332,0.36156705021858215,0.5636929273605347,0.966949999332428,0.9397306442260742,0.966949999332428,0.6724948287010193,0.9739998579025269,0.9397306442260742
confidence_x00555-1_model_0.json,0.964635968208313,0.9648596048355103,0.9628438353538513,0.9628438353538513,0.0,0.9650839567184448,0.9372843503952026,0.3689393699169159,0.607335090637207,0.965030312538147,0.9719731211662292,0.965030312538147,0.6725603938102722,0.9628438353538513,0.9719731211662292
confidence_x03051-1_model_0.json,0.945751965045929,0.9630663990974426,0.9563155174255371,0.9563155174255371,0.0,0.9431110620498657,0.9088440537452698,0.3928038477897644,0.6846115589141846,0.9636856317520142,0.912543535232544,0.9636856317520142,0.6440655589103699,0.9563155174255371,0.912543535232544
confidence_x03365-1_model_0.json,0.9500624537467957,0.956283688545227,0.9784157872200012,0.9784157872200012,0.0,0.9429741501808167,0.9176210165023804,0.3909917175769806,0.5217453837394714,0.9545289874076843,0.9793336391448975,0.9545289874076843,0.773215115070343,0.9784157872200012,0.9793336391448975
confidence_x00261-1_model_0.json,0.9447102546691895,0.9589836001396179,0.9149630069732666,0.9149630069732666,0.0,0.9521470665931702,0.8986198306083679,0.4188607633113861,1.1555159091949463,0.9610205888748169,0.9266164302825928,0.9610205888748169,0.47244012355804443,0.9149630069732666,0.9266164302825928
confidence_x00509-1_model_0.json,0.9455072283744812,0.963165283203125,0.9455747604370117,0.9455747604370117,0.0,0.9454903602600098,0.9075472950935364,0.39136597514152527,0.776253879070282,0.964185893535614,0.9453220963478088,0.964185893535614,0.597095787525177,0.9455747604370117,0.9453220963478088
confidence_x01130-1_model_0.json,0.9583120346069336,0.9621514678001404,0.9876870512962341,0.9876870512962341,0.0,0.9509682655334473,0.9457650780677795,0.37220528721809387,0.43598827719688416,0.9612141251564026,0.9872764348983765,0.9612141251564026,0.7899638414382935,0.9876870512962341,0.9872764348983765
confidence_x00337-1_model_0.json,0.9419094920158386,0.9695671796798706,0.885726273059845,0.885726273059845,0.0,0.9559553265571594,0.9354511499404907,0.40660127997398376,1.5239933729171753,0.9736822843551636,0.966709315776825,0.9736822843551636,0.4590771794319153,0.885726273059845,0.966709315776825
confidence_x00714-1_model_0.json,0.9470550417900085,0.9579061269760132,0.9619452357292175,0.9619452357292175,0.0,0.9433324933052063,0.9172079563140869,0.40024396777153015,0.6635170578956604,0.9578953385353088,0.9707254767417908,0.9578953385353088,0.6804582476615906,0.9619452357292175,0.9707254767417908
confidence_x00527-1_model_0.json,0.9465953707695007,0.9606622457504272,0.955659806728363,0.955659806728363,0.0,0.9443292617797852,0.902623176574707,0.384876012802124,0.6879940032958984,0.9608721137046814,0.9768363237380981,0.9608721137046814,0.6142451167106628,0.955659806728363,0.9768363237380981
confidence_x00088-1_model_0.json,0.9520495533943176,0.9636909365653992,0.9551085829734802,0.9551085829734802,0.0,0.9512848258018494,0.9339677691459656,0.3765260577201843,0.7852148413658142,0.9640695452690125,0.9697268009185791,0.9640695452690125,0.5406955480575562,0.9551085829734802,0.9697268009185791
confidence_x03331-1_model_0.json,0.9369375109672546,0.960677981376648,0.9608478546142578,0.9608478546142578,0.0,0.9309599995613098,0.8696907758712769,0.39770928025245667,0.6574341058731079,0.960724413394928,0.9457005858421326,0.960724413394928,0.5870620608329773,0.9608478546142578,0.9457005858421326
confidence_x03406-1_model_0.json,0.9204959273338318,0.9646610617637634,0.9323738813400269,0.9323738813400269,0.0,0.917526364326477,0.7859042882919312,0.3931395411491394,0.8269167542457581,0.9671122431755066,0.9200149178504944,0.9671122431755066,0.5396726727485657,0.9323738813400269,0.9200149178504944
confidence_x03033-1_model_0.json,0.9558705687522888,0.9588931798934937,0.9752864241600037,0.9752864241600037,0.0,0.9510166049003601,0.9318694472312927,0.38757121562957764,0.5067792534828186,0.9575662016868591,0.9568071961402893,0.9575662016868591,0.70294189453125,0.9752864241600037,0.9568071961402893
confidence_x00558-1_model_0.json,0.9566696286201477,0.9671959280967712,0.9501338601112366,0.9501338601112366,0.0,0.9583035707473755,0.9173767566680908,0.3663794994354248,0.8128901124000549,0.9680392146110535,0.9336734414100647,0.9680392146110535,0.48474323749542236,0.9501338601112366,0.9336734414100647
confidence_x03405-1_model_0.json,0.9443976283073425,0.9593816995620728,0.9388286471366882,0.9388286471366882,0.0,0.9457898736000061,0.8918212056159973,0.42641958594322205,0.7937537431716919,0.9615017175674438,0.8980405330657959,0.9615017175674438,0.4982296824455261,0.9388286471366882,0.8980405330657959
confidence_x00638-1_model_0.json,0.94121915102005,0.947883129119873,0.9525902271270752,0.9525902271270752,0.0,0.9383763074874878,0.8927674889564514,0.4307660758495331,0.7259896397590637,0.947762668132782,0.9522272348403931,0.947762668132782,0.5767906904220581,0.9525902271270752,0.9522272348403931
confidence_x02745-1_model_0.json,0.954611599445343,0.9600809216499329,0.9695201516151428,0.9695201516151428,0.0,0.9508844614028931,0.9512519836425781,0.4025333821773529,0.6099278926849365,0.9593753814697266,0.8815809488296509,0.9593753814697266,0.6177800893783569,0.9695201516151428,0.8815809488296509
confidence_x03191-1_model_0.json,0.9530234336853027,0.9662397503852844,0.9732213020324707,0.9732213020324707,0.0,0.9479739665985107,0.9256773591041565,0.3747234642505646,0.5345500111579895,0.9657270908355713,0.9195860028266907,0.9657270908355713,0.7240044474601746,0.9732213020324707,0.9195860028266907
confidence_x01126-1_model_0.json,0.9412175416946411,0.9578150510787964,0.9202761054039001,0.9202761054039001,0.0,0.9464529156684875,0.9171547889709473,0.4144282937049866,1.082730770111084,0.9594992995262146,0.9808033108711243,0.9594992995262146,0.4774869978427887,0.9202761054039001,0.9808033108711243
confidence_x00664-1_model_0.json,0.9498311877250671,0.9680067896842957,0.9350475072860718,0.9350475072860718,0.0,0.9535271525382996,0.9164266586303711,0.3718278110027313,0.8414822220802307,0.9700352549552917,0.9595106244087219,0.9700352549552917,0.5135035514831543,0.9350475072860718,0.9595106244087219
confidence_x02792-1_model_0.json,0.9449198842048645,0.9614324569702148,0.984494149684906,0.984494149684906,0.0,0.9350263476371765,0.9118937253952026,0.37058570981025696,0.4508627951145172,0.9594141244888306,0.9772332310676575,0.9594141244888306,0.8117405772209167,0.984494149684906,0.9772332310676575
confidence_x00753-1_model_0.json,0.959505558013916,0.965286135673523,0.9443244338035583,0.9443244338035583,0.0,0.9633008241653442,0.9379778504371643,0.3776969313621521,0.7529005408287048,0.9666454195976257,0.9626744985580444,0.9666454195976257,0.6475307941436768,0.9443244338035583,0.9626744985580444
confidence_x03319-1_model_0.json,0.9488698840141296,0.959801435470581,0.9777559638023376,0.9777559638023376,0.0,0.9416483640670776,0.9283546209335327,0.3797585368156433,0.510667085647583,0.9583053588867188,0.9682782888412476,0.9583053588867188,0.777403712272644,0.9777559638023376,0.9682782888412476
confidence_x03015-1_model_0.json,0.9512525796890259,0.95594322681427,0.9704685211181641,0.9704685211181641,0.0,0.946448564529419,0.9301437735557556,0.4118139445781708,0.5906372666358948,0.9546465277671814,0.9573341608047485,0.9546465277671814,0.7801263928413391,0.9704685211181641,0.9573341608047485
confidence_x02848-1_model_0.json,0.9373930096626282,0.9584814310073853,0.9455525279045105,0.9455525279045105,0.0,0.93535315990448,0.9016427397727966,0.41073837876319885,0.7922642230987549,0.9598438739776611,0.9317096471786499,0.9598438739776611,0.6542015671730042,0.9455525279045105,0.9317096471786499
confidence_x03252-1_model_0.json,0.9476866722106934,0.9594697952270508,0.9705764651298523,0.9705764651298523,0.0,0.9419642090797424,0.9043251276016235,0.38406243920326233,0.5747106075286865,0.9586624503135681,0.9744503498077393,0.9586624503135681,0.7319377064704895,0.9705764651298523,0.9744503498077393
confidence_x03026-1_model_0.json,0.9269723892211914,0.9582560062408447,0.955950140953064,0.955950140953064,0.0,0.9197279214859009,0.8114733695983887,0.40336623787879944,0.6875398755073547,0.9584373235702515,0.9103821516036987,0.9584373235702515,0.5122087001800537,0.955950140953064,0.9103821516036987
confidence_x01415-1_model_0.json,0.9353748559951782,0.9615971446037292,0.8797707557678223,0.8797707557678223,0.0,0.94927579164505,0.925387978553772,0.4122524857521057,1.3012142181396484,0.9659982323646545,0.9157573580741882,0.9659982323646545,0.37587088346481323,0.8797707557678223,0.9157573580741882
confidence_x03123-1_model_0.json,0.9213497042655945,0.9563486576080322,0.9301255345344543,0.9301255345344543,0.0,0.9191557765007019,0.8293959498405457,0.4443526566028595,0.8571003079414368,0.959100604057312,0.867549479007721,0.959100604057312,0.45725053548812866,0.9301255345344543,0.867549479007721
confidence_x03306-1_model_0.json,0.9499616026878357,0.9513919949531555,0.9636512398719788,0.9636512398719788,0.0,0.9465391039848328,0.9250238537788391,0.4233216345310211,0.6190065145492554,0.9504988193511963,0.9505702257156372,0.9504988193511963,0.6627774238586426,0.9636512398719788,0.9505702257156372
confidence_x01111-1_model_0.json,0.9549412131309509,0.9646026492118835,0.9637207388877869,0.9637207388877869,0.0,0.9527463316917419,0.9311727285385132,0.3702947199344635,0.607635498046875,0.9647288918495178,0.9432762861251831,0.9647288918495178,0.6404706239700317,0.9637207388877869,0.9432762861251831
confidence_x03420-1_model_0.json,0.9570382237434387,0.9622263312339783,0.9795309901237488,0.9795309901237488,0.0,0.9514150619506836,0.9393913745880127,0.3696795701980591,0.47097668051719666,0.9608789682388306,0.9657019972801208,0.9608789682388306,0.732266902923584,0.9795309901237488,0.9657019972801208
confidence_x03468-1_model_0.json,0.9482542276382446,0.9567052721977234,0.965067982673645,0.965067982673645,0.0,0.9440507888793945,0.9158644080162048,0.4059496819972992,0.6329038143157959,0.9562798738479614,0.9119473695755005,0.9562798738479614,0.5390888452529907,0.965067982673645,0.9119473695755005
confidence_x03282-1_model_0.json,0.9506956338882446,0.9611245393753052,0.9718149304389954,0.9718149304389954,0.0,0.945415735244751,0.9035350680351257,0.38183727860450745,0.5623095631599426,0.9605398178100586,0.9704679846763611,0.9605398178100586,0.695387065410614,0.9718149304389954,0.9704679846763611
confidence_x00652-1_model_0.json,0.9520360231399536,0.9565272927284241,0.9745356440544128,0.9745356440544128,0.0,0.9464111328125,0.9278824329376221,0.39861786365509033,0.5432482361793518,0.9556741118431091,0.9823434352874756,0.9556741118431091,0.7203457951545715,0.9745356440544128,0.9823434352874756
confidence_x00229-1_model_0.json,0.9656238555908203,0.9637352824211121,0.9829931259155273,0.9829931259155273,0.0,0.9612815976142883,0.9459038376808167,0.35543927550315857,0.476031631231308,0.9630616307258606,0.9793599247932434,0.9630616307258606,0.7510629892349243,0.9829931259155273,0.9793599247932434
confidence_x00035-1_model_0.json,0.9488394856452942,0.9691725969314575,0.9329794645309448,0.9329794645309448,0.0,0.9528045058250427,0.9209332466125488,0.3768578767776489,1.1314136981964111,0.9705424904823303,0.989144504070282,0.9705424904823303,0.6008812189102173,0.9329794645309448,0.989144504070282
confidence_x02698-1_model_0.json,0.9398342967033386,0.9558728337287903,0.9715630412101746,0.9715630412101746,0.0,0.9319021701812744,0.8822165727615356,0.41217851638793945,0.5899898409843445,0.9547421336174011,0.942741870880127,0.9547421336174011,0.6727829575538635,0.9715630412101746,0.942741870880127
confidence_x01016-1_model_0.json,0.955108642578125,0.9603645205497742,0.966346263885498,0.966346263885498,0.0,0.9522992372512817,0.9213904142379761,0.38283511996269226,0.6013948917388916,0.9601688385009766,0.9359676241874695,0.9601688385009766,0.6554354429244995,0.966346263885498,0.9359676241874695
confidence_x03145-1_model_0.json,0.9296669960021973,0.9579256176948547,0.9662914872169495,0.9662914872169495,0.0,0.9205108880996704,0.8375089168548584,0.41158977150917053,0.5960748195648193,0.9572351574897766,0.886764645576477,0.9572351574897766,0.636558473110199,0.9662914872169495,0.886764645576477
confidence_x02909-1_model_0.json,0.9344183206558228,0.9571572542190552,0.9546793699264526,0.9546793699264526,0.0,0.9293530583381653,0.8484412431716919,0.4138038158416748,0.7103095650672913,0.9576099514961243,0.934937059879303,0.9576099514961243,0.6537006497383118,0.9546793699264526,0.934937059879303
confidence_x02777-1_model_0.json,0.941153347492218,0.9578325748443604,0.9605404138565063,0.9605404138565063,0.0,0.9363065361976624,0.8984424471855164,0.40019142627716064,0.6485378742218018,0.9578571915626526,0.9260036945343018,0.9578571915626526,0.6231189966201782,0.9605404138565063,0.9260036945343018
confidence_x03161-1_model_0.json,0.9339658617973328,0.964339554309845,0.9513098001480103,0.9513098001480103,0.0,0.929629921913147,0.8350178599357605,0.3901768624782562,0.6955294609069824,0.9657894968986511,0.9422659873962402,0.9657894968986511,0.6042616963386536,0.9513098001480103,0.9422659873962402
confidence_x03094-1_model_0.json,0.9390726089477539,0.9601200222969055,0.9636511206626892,0.9636511206626892,0.0,0.9329280257225037,0.8912291526794434,0.3909876048564911,0.5964767336845398,0.9600299000740051,0.9473288655281067,0.9600299000740051,0.6923486590385437,0.9636511206626892,0.9473288655281067
confidence_x02865-1_model_0.json,0.9216434359550476,0.9575164318084717,0.9546481370925903,0.9546481370925903,0.0,0.9133922457695007,0.785930871963501,0.41241663694381714,0.7002308368682861,0.9578621983528137,0.8988533616065979,0.9578621983528137,0.5062254667282104,0.9546481370925903,0.8988533616065979
confidence_x01070-1_model_0.json,0.9616468548774719,0.9631268382072449,0.962289035320282,0.962289035320282,0.0,0.9614863395690918,0.9245097637176514,0.3701828420162201,0.6041982173919678,0.9632742404937744,0.9696984887123108,0.9632742404937744,0.6319206953048706,0.962289035320282,0.9696984887123108
confidence_x02700-1_model_0.json,0.9451159834861755,0.95799320936203,0.9737548232078552,0.9737548232078552,0.0,0.9379562139511108,0.8783995509147644,0.3926069140434265,0.5354468822479248,0.9570139646530151,0.9447430372238159,0.9570139646530151,0.6603094339370728,0.9737548232078552,0.9447430372238159
confidence_x02742-1_model_0.json,0.946150004863739,0.9560412764549255,0.9824183583259583,0.9824183583259583,0.0,0.9370829463005066,0.9213284850120544,0.392739474773407,0.5004674792289734,0.9538390636444092,0.9742608070373535,0.9538390636444092,0.792803168296814,0.9824183583259583,0.9742608070373535
confidence_x00462-1_model_0.json,0.9504362344741821,0.9630671739578247,0.9206920266151428,0.9206920266151428,0.0,0.9578722715377808,0.9114561676979065,0.3912171721458435,0.9743497371673584,0.9652736783027649,0.9375438690185547,0.9652736783027649,0.47223150730133057,0.9206920266151428,0.9375438690185547
confidence_x01334-1_model_0.json,0.9311704635620117,0.9595610499382019,0.8713698983192444,0.8713698983192444,0.0,0.94612056016922,0.8604515790939331,0.4446980655193329,1.4621129035949707,0.9647024869918823,0.927216649055481,0.9647024869918823,0.4074011445045471,0.8713698983192444,0.927216649055481
confidence_x03152-1_model_0.json,0.9350252151489258,0.954063355922699,0.9627707600593567,0.9627707600593567,0.0,0.9280887842178345,0.870629072189331,0.4210505485534668,0.6513873338699341,0.953389048576355,0.9513953328132629,0.953389048576355,0.6811807751655579,0.9627707600593567,0.9513953328132629
confidence_x03260-1_model_0.json,0.95013427734375,0.955518364906311,0.9594211578369141,0.9594211578369141,0.0,0.9478124976158142,0.9271504282951355,0.41971489787101746,0.7010784149169922,0.9553278684616089,0.9469298720359802,0.9553278684616089,0.6983233094215393,0.9594211578369141,0.9469298720359802
confidence_x02691-1_model_0.json,0.9539036750793457,0.9660634994506836,0.9770182967185974,0.9770182967185974,0.0,0.9481250643730164,0.9384264349937439,0.3593141436576843,0.5236830711364746,0.9652014374732971,0.9316105246543884,0.9652014374732971,0.6732909679412842,0.9770182967185974,0.9316105246543884
confidence_x01358-1_model_0.json,0.9435891509056091,0.9565282464027405,0.8933253884315491,0.8933253884315491,0.0,0.956155002117157,0.9209786653518677,0.44461315870285034,1.337281346321106,0.96039879322052,0.9418787956237793,0.96039879322052,0.3649301826953888,0.8933253884315491,0.9418787956237793
confidence_x02782-1_model_0.json,0.9416560530662537,0.9663621187210083,0.971413791179657,0.971413791179657,0.0,0.9342166185379028,0.8885491490364075,0.37236249446868896,0.5480424761772156,0.9660069346427917,0.928429126739502,0.9660069346427917,0.6682135462760925,0.971413791179657,0.928429126739502
confidence_x00370-1_model_0.json,0.9595686793327332,0.9639366865158081,0.9605069756507874,0.9605069756507874,0.0,0.9593340754508972,0.9271020889282227,0.37413492798805237,0.6461806297302246,0.9641714096069336,0.9595131278038025,0.9641714096069336,0.6333566904067993,0.9605069756507874,0.9595131278038025
confidence_x03273-1_model_0.json,0.938936710357666,0.9611659646034241,0.9336205720901489,0.9336205720901489,0.0,0.9402657747268677,0.9051100015640259,0.4048750400543213,0.8776949644088745,0.9630758166313171,0.9260331392288208,0.9630758166313171,0.5150192379951477,0.9336205720901489,0.9260331392288208
confidence_x01260-1_model_0.json,0.958053708076477,0.9558618664741516,0.9767192602157593,0.9767192602157593,0.0,0.9533873200416565,0.9589060544967651,0.40186190605163574,0.6037160754203796,0.9551141858100891,0.9859010577201843,0.9551141858100891,0.7340708374977112,0.9767192602157593,0.9859010577201843
confidence_x03223-1_model_0.json,0.9402195811271667,0.9651157259941101,0.9636580348014832,0.9636580348014832,0.0,0.9343599677085876,0.8989582657814026,0.3773060739040375,0.6078583002090454,0.9654630422592163,0.9573061466217041,0.9654630422592163,0.7059436440467834,0.9636580348014832,0.9573061466217041
confidence_x02861-1_model_0.json,0.9471419453620911,0.9571855664253235,0.9636241793632507,0.9636241793632507,0.0,0.9430213570594788,0.9173092842102051,0.39845287799835205,0.6144126057624817,0.9568875432014465,0.9494234919548035,0.9568875432014465,0.6206918954849243,0.9636241793632507,0.9494234919548035
confidence_x00757-1_model_0.json,0.9525546431541443,0.9620497822761536,0.983306348323822,0.983306348323822,0.0,0.9448667168617249,0.9390413761138916,0.3652570843696594,0.4436053931713104,0.9610334038734436,0.9485284686088562,0.9610334038734436,0.6486620306968689,0.983306348323822,0.9485284686088562
confidence_x03219-1_model_0.json,0.9389578104019165,0.9539167284965515,0.9463956356048584,0.9463956356048584,0.0,0.9370982646942139,0.8843921422958374,0.42447295784950256,0.7432974576950073,0.9546741247177124,0.9356975555419922,0.9546741247177124,0.602837324142456,0.9463956356048584,0.9356975555419922
confidence_x02843-1_model_0.json,0.9407595992088318,0.9581120014190674,0.9664553999900818,0.9664553999900818,0.0,0.9343356490135193,0.8612645268440247,0.3936307728290558,0.6146920323371887,0.9575185775756836,0.9718431234359741,0.9575185775756836,0.7117701172828674,0.9664553999900818,0.9718431234359741
confidence_x00794-1_model_0.json,0.9393314719200134,0.9582452178001404,0.9258528351783752,0.9258528351783752,0.0,0.9427011013031006,0.8946427702903748,0.41986554861068726,0.906378448009491,0.9600623846054077,0.9333876371383667,0.9600623846054077,0.5031389594078064,0.9258528351783752,0.9333876371383667
confidence_x00186-1_model_0.json,0.9331144690513611,0.9501418471336365,0.8842813372612,0.8842813372612,0.0,0.9453226923942566,0.8886756300926208,0.45903313159942627,1.2136937379837036,0.9544620513916016,0.950975775718689,0.9544620513916016,0.43385496735572815,0.8842813372612,0.950975775718689
confidence_x02882-1_model_0.json,0.9390712976455688,0.9547848701477051,0.9605124592781067,0.9605124592781067,0.0,0.9337109327316284,0.8668723702430725,0.41375532746315,0.652544379234314,0.9544517397880554,0.9201152920722961,0.9544517397880554,0.5727571249008179,0.9605124592781067,0.9201152920722961
confidence_x03080-1_model_0.json,0.963770866394043,0.9545109272003174,0.9826469421386719,0.9826469421386719,0.0,0.9590519070625305,0.9487478733062744,0.3924556076526642,0.46503984928131104,0.952623188495636,0.9581632614135742,0.952623188495636,0.7571950554847717,0.9826469421386719,0.9581632614135742
confidence_x01378-1_model_0.json,0.9306122064590454,0.9558616876602173,0.8952949047088623,0.8952949047088623,0.0,0.939441442489624,0.8841498494148254,0.424775630235672,1.0990605354309082,0.9590310454368591,0.9476462006568909,0.9590310454368591,0.5199113488197327,0.8952949047088623,0.9476462006568909
confidence_x02906-1_model_0.json,0.9593085646629333,0.9683347940444946,0.9771907925605774,0.9771907925605774,0.0,0.9548379182815552,0.9472996592521667,0.3518117666244507,0.4858289957046509,0.9676538705825806,0.9481278657913208,0.9676538705825806,0.7150253057479858,0.9771907925605774,0.9481278657913208
confidence_x01502-1_model_0.json,0.9313610196113586,0.9631779789924622,0.8733033537864685,0.8733033537864685,0.0,0.9458754062652588,0.8384836912155151,0.41549554467201233,1.3545182943344116,0.967809796333313,0.9603012800216675,0.967809796333313,0.44586050510406494,0.8733033537864685,0.9603012800216675
confidence_x01131-1_model_0.json,0.9338639378547668,0.9607570171356201,0.8322383165359497,0.8322383165359497,0.0,0.9592702984809875,0.8844015002250671,0.4665714502334595,2.232574701309204,0.9658192992210388,0.9441626667976379,0.9658192992210388,0.3105405569076538,0.8322383165359497,0.9441626667976379
confidence_x03220-1_model_0.json,0.9401142001152039,0.9643283486366272,0.966227114200592,0.966227114200592,0.0,0.9335860013961792,0.902557909488678,0.3930695652961731,0.6232095956802368,0.9643193483352661,0.9378041625022888,0.9643193483352661,0.7071091532707214,0.966227114200592,0.9378041625022888
confidence_x03059-1_model_0.json,0.9372225999832153,0.961194634437561,0.9664691090583801,0.9664691090583801,0.0,0.9299109578132629,0.8811447024345398,0.38761425018310547,0.6115047931671143,0.9609295725822449,0.9370007514953613,0.9609295725822449,0.655092716217041,0.9664691090583801,0.9370007514953613
confidence_x00011-1_model_0.json,0.9584706425666809,0.9685580134391785,0.9650028347969055,0.9650028347969055,0.0,0.9568375945091248,0.9364883899688721,0.35465025901794434,0.6286871433258057,0.9688099026679993,0.936833918094635,0.9688099026679993,0.5008137822151184,0.9650028347969055,0.936833918094635
confidence_x02913-1_model_0.json,0.9267365336418152,0.9589073061943054,0.9262122511863708,0.9262122511863708,0.0,0.926867663860321,0.8437879681587219,0.4084828495979309,0.8658719658851624,0.9612547755241394,0.9380590915679932,0.9612547755241394,0.550875186920166,0.9262122511863708,0.9380590915679932
confidence_x02828-1_model_0.json,0.9324010014533997,0.9589589834213257,0.9585066437721252,0.9585066437721252,0.0,0.9258745908737183,0.8445096015930176,0.39331379532814026,0.6175808310508728,0.959064781665802,0.9443202614784241,0.959064781665802,0.6825044751167297,0.9585066437721252,0.9443202614784241
confidence_x02920-1_model_0.json,0.946193516254425,0.966690719127655,0.9694985151290894,0.9694985151290894,0.0,0.9403672218322754,0.9130532741546631,0.3689935803413391,0.5624765753746033,0.9665360450744629,0.9513393640518188,0.9665360450744629,0.6866287589073181,0.9694985151290894,0.9513393640518188
confidence_x02758-1_model_0.json,0.9412716031074524,0.9623280763626099,0.9546279311180115,0.9546279311180115,0.0,0.937932550907135,0.8764307498931885,0.38916003704071045,0.6780712008476257,0.9632248878479004,0.9557039141654968,0.9632248878479004,0.6675951480865479,0.9546279311180115,0.9557039141654968
confidence_x00674-1_model_0.json,0.945090115070343,0.9652315378189087,0.9662414789199829,0.9662414789199829,0.0,0.9398022890090942,0.9084462523460388,0.36742761731147766,0.5975960493087769,0.9654312133789062,0.9622113704681396,0.9654312133789062,0.6750569939613342,0.9662414789199829,0.9622113704681396
confidence_x03385-1_model_0.json,0.929902195930481,0.9568303823471069,0.9417423605918884,0.9417423605918884,0.0,0.9269421696662903,0.8333675861358643,0.427408903837204,0.7498254776000977,0.9582436084747314,0.928236722946167,0.9582436084747314,0.5883983969688416,0.9417423605918884,0.928236722946167
confidence_x00406-1_model_0.json,0.9420739412307739,0.9623433947563171,0.9356169700622559,0.9356169700622559,0.0,0.943688154220581,0.8861923813819885,0.39588499069213867,0.8355635404586792,0.9639126062393188,0.9535950422286987,0.9639126062393188,0.5308753252029419,0.9356169700622559,0.9535950422286987
confidence_x03244-1_model_0.json,0.945499837398529,0.9575963020324707,0.9672008156776428,0.9672008156776428,0.0,0.9400745630264282,0.8861054182052612,0.40082481503486633,0.6077502965927124,0.957103431224823,0.9057164192199707,0.957103431224823,0.5679538249969482,0.9672008156776428,0.9057164192199707
confidence_x00358-1_model_0.json,0.9612972140312195,0.9660148024559021,0.9905034899711609,0.9905034899711609,0.0,0.9539956450462341,0.950293242931366,0.3529576063156128,0.37262797355651855,0.9649478793144226,0.9904868602752686,0.9649478793144226,0.8203772902488708,0.9905034899711609,0.9904868602752686
confidence_x02806-1_model_0.json,0.9509645700454712,0.9612031579017639,0.971503734588623,0.971503734588623,0.0,0.9458297491073608,0.9314724206924438,0.38335368037223816,0.5589727759361267,0.9605624079704285,0.9001084566116333,0.9605624079704285,0.5729241371154785,0.971503734588623,0.9001084566116333
confidence_x00463-1_model_0.json,0.9446164965629578,0.9667459726333618,0.9737945199012756,0.9737945199012756,0.0,0.9373220205307007,0.867642879486084,0.36090752482414246,0.5551882982254028,0.9665845036506653,0.9714794158935547,0.9665845036506653,0.7479395866394043,0.9737945199012756,0.9714794158935547
confidence_x00819-1_model_0.json,0.9460762143135071,0.9651427865028381,0.9287644624710083,0.9287644624710083,0.0,0.9504041075706482,0.9382116794586182,0.3919019103050232,0.9153669476509094,0.9674437046051025,0.8989483118057251,0.9674437046051025,0.5071108937263489,0.9287644624710083,0.8989483118057251
confidence_x01464-1_model_0.json,0.9317537546157837,0.9691550731658936,0.8673842549324036,0.8673842549324036,0.0,0.9478460550308228,0.9103015661239624,0.41274261474609375,1.9396485090255737,0.9730474352836609,0.9285954236984253,0.9730474352836609,0.34593674540519714,0.8673842549324036,0.9285954236984253
confidence_x03371-1_model_0.json,0.9441051483154297,0.959919273853302,0.9608309268951416,0.9608309268951416,0.0,0.9399236440658569,0.8788092732429504,0.4006092846393585,0.679481565952301,0.9601643681526184,0.9092204570770264,0.9601643681526184,0.5837395191192627,0.9608309268951416,0.9092204570770264
confidence_x03432-1_model_0.json,0.9367989897727966,0.9586694836616516,0.9729378819465637,0.9729378819465637,0.0,0.9277642369270325,0.8694562911987305,0.39925694465637207,0.553053081035614,0.9576961994171143,0.9339162707328796,0.9576961994171143,0.6922122240066528,0.9729378819465637,0.9339162707328796
confidence_x03006-1_model_0.json,0.9467870593070984,0.9636445045471191,0.9797803163528442,0.9797803163528442,0.0,0.9385387301445007,0.9063085913658142,0.373343288898468,0.4876052141189575,0.9622620344161987,0.9631828665733337,0.9622620344161987,0.7680227756500244,0.9797803163528442,0.9631828665733337
confidence_x00979-1_model_0.json,0.9584782719612122,0.9669603109359741,0.9511681199073792,0.9511681199073792,0.0,0.9603057503700256,0.927147388458252,0.36468935012817383,0.7380958795547485,0.9678096771240234,0.9451401829719543,0.9678096771240234,0.5799761414527893,0.9511681199073792,0.9451401829719543
confidence_x02878-1_model_0.json,0.9382570385932922,0.9579573273658752,0.9405223727226257,0.9405223727226257,0.0,0.9376907348632812,0.8476928472518921,0.4182324707508087,0.7872315645217896,0.9594942331314087,0.9385725259780884,0.9594942331314087,0.5978236198425293,0.9405223727226257,0.9385725259780884
confidence_x01039-1_model_0.json,0.9575292468070984,0.9647710919380188,0.9685671329498291,0.9685671329498291,0.0,0.9547697901725769,0.9393733739852905,0.371217280626297,0.5821813344955444,0.9646987915039062,0.9709398746490479,0.9646987915039062,0.681365966796875,0.9685671329498291,0.9709398746490479
confidence_x00773-1_model_0.json,0.9662503600120544,0.9665718078613281,0.9697628021240234,0.9697628021240234,0.0,0.9653722047805786,0.9409306049346924,0.35349762439727783,0.5641444325447083,0.9665035605430603,0.9547778367996216,0.9665035605430603,0.6126434803009033,0.9697628021240234,0.9547778367996216
confidence_x00625-1_model_0.json,0.9385711550712585,0.9500415325164795,0.9134836792945862,0.9134836792945862,0.0,0.944843053817749,0.9293766617774963,0.45873966813087463,1.0427459478378296,0.9524235129356384,0.9504480361938477,0.9524235129356384,0.47030743956565857,0.9134836792945862,0.9504480361938477
confidence_x01401-1_model_0.json,0.9411279559135437,0.9591100215911865,0.8892084360122681,0.8892084360122681,0.0,0.9541078209877014,0.8671539425849915,0.4208375811576843,1.1535223722457886,0.9628651142120361,0.9530555605888367,0.9628651142120361,0.462076336145401,0.8892084360122681,0.9530555605888367
confidence_x02708-1_model_0.json,0.9445585608482361,0.9600979089736938,0.9492579698562622,0.9492579698562622,0.0,0.9433836936950684,0.8951893448829651,0.3967346251010895,0.7257804274559021,0.9610040783882141,0.9479280114173889,0.9610040783882141,0.6290339231491089,0.9492579698562622,0.9479280114173889
confidence_x03065-1_model_0.json,0.952740490436554,0.9596901535987854,0.9744088649749756,0.9744088649749756,0.0,0.9473233819007874,0.9354940056800842,0.38793736696243286,0.5357120037078857,0.9587411880493164,0.936006486415863,0.9587411880493164,0.6566858887672424,0.9744088649749756,0.936006486415863
confidence_x02715-1_model_0.json,0.935934841632843,0.9553468227386475,0.9486233592033386,0.9486233592033386,0.0,0.9327627420425415,0.920574426651001,0.42193496227264404,0.7400043606758118,0.9562744498252869,0.8820042014122009,0.9562744498252869,0.564825177192688,0.9486233592033386,0.8820042014122009
confidence_x03425-1_model_0.json,0.9508227705955505,0.9621079564094543,0.9716717004776001,0.9716717004776001,0.0,0.945610523223877,0.9172812700271606,0.3791395127773285,0.5373252034187317,0.9614229798316956,0.9531230330467224,0.9614229798316956,0.6814291477203369,0.9716717004776001,0.9531230330467224
confidence_x00494-1_model_0.json,0.9395734071731567,0.9678000807762146,0.9188404679298401,0.9188404679298401,0.0,0.9447566270828247,0.9002673625946045,0.3752859830856323,0.8740558624267578,0.9705377221107483,0.9248236417770386,0.9705377221107483,0.42859891057014465,0.9188404679298401,0.9248236417770386
confidence_x03271-1_model_0.json,0.9412639737129211,0.9609484076499939,0.9321487545967102,0.9321487545967102,0.0,0.9435427784919739,0.9255744814872742,0.42766961455345154,0.8941298723220825,0.9638903141021729,0.866129994392395,0.9638903141021729,0.4259917438030243,0.9321487545967102,0.866129994392395
confidence_x03037-1_model_0.json,0.9601553082466125,0.957908570766449,0.9615795612335205,0.9615795612335205,0.0,0.9597992897033691,0.9440876841545105,0.3992518484592438,0.6506953239440918,0.9576679468154907,0.9458525776863098,0.9576679468154907,0.623204231262207,0.9615795612335205,0.9458525776863098
confidence_x01511-1_model_0.json,0.9550706744194031,0.9701969623565674,0.9636572003364563,0.9636572003364563,0.0,0.9529240131378174,0.9290928840637207,0.350460410118103,0.5762935876846313,0.9706860184669495,0.9256791472434998,0.9706860184669495,0.5162649750709534,0.9636572003364563,0.9256791472434998
confidence_x03421-1_model_0.json,0.9406842589378357,0.9557741284370422,0.9676421880722046,0.9676421880722046,0.0,0.9339447021484375,0.8939335942268372,0.4044124484062195,0.6057835817337036,0.9549092054367065,0.9381200075149536,0.9549092054367065,0.7225407958030701,0.9676421880722046,0.9381200075149536
confidence_x00113-1_model_0.json,0.9359847903251648,0.9615985751152039,0.9312801957130432,0.9312801957130432,0.0,0.9371609687805176,0.8763677477836609,0.40370237827301025,0.9248590469360352,0.9635100364685059,0.9516071081161499,0.9635100364685059,0.5260389447212219,0.9312801957130432,0.9516071081161499
confidence_x03030-1_model_0.json,0.9479205012321472,0.9568557143211365,0.9545848369598389,0.9545848369598389,0.0,0.9462544322013855,0.9332517981529236,0.41726812720298767,0.7394527792930603,0.9571157097816467,0.9502446055412292,0.9571157097816467,0.664047122001648,0.9545848369598389,0.9502446055412292
confidence_x02704-1_model_0.json,0.9384354948997498,0.952311098575592,0.9261375665664673,0.9261375665664673,0.0,0.9415099620819092,0.8950939774513245,0.43823686242103577,0.8833064436912537,0.9549677968025208,0.9376274943351746,0.9549677968025208,0.5706324577331543,0.9261375665664673,0.9376274943351746
confidence_x02746-1_model_0.json,0.9465190768241882,0.9576684236526489,0.9691733717918396,0.9691733717918396,0.0,0.9408555626869202,0.9224476218223572,0.39485907554626465,0.5890123248100281,0.956958532333374,0.9443859457969666,0.956958532333374,0.7002360820770264,0.9691733717918396,0.9443859457969666
confidence_x03387-1_model_0.json,0.925414502620697,0.9624770879745483,0.9372941255569458,0.9372941255569458,0.0,0.9224445223808289,0.8283606171607971,0.40152525901794434,0.7873345017433167,0.9645544290542603,0.9023764133453369,0.9645544290542603,0.5808659791946411,0.9372941255569458,0.9023764133453369
confidence_x01217-1_model_0.json,0.9529234170913696,0.9632486701011658,0.9541547894477844,0.9541547894477844,0.0,0.9526155591011047,0.9268133640289307,0.3757297098636627,0.7120625972747803,0.9637522101402283,0.9875353574752808,0.9637522101402283,0.6369474530220032,0.9541547894477844,0.9875353574752808
confidence_x03179-1_model_0.json,0.9405577778816223,0.956997811794281,0.9544666409492493,0.9544666409492493,0.0,0.9370805621147156,0.8802536129951477,0.4150513708591461,0.6739904284477234,0.9573591351509094,0.9115366339683533,0.9573591351509094,0.5071107745170593,0.9544666409492493,0.9115366339683533
confidence_x03325-1_model_0.json,0.9278379678726196,0.9624612331390381,0.9600433111190796,0.9600433111190796,0.0,0.9197865724563599,0.8093255162239075,0.3850381076335907,0.6532408595085144,0.9630838632583618,0.8996352553367615,0.9630838632583618,0.6007014513015747,0.9600433111190796,0.8996352553367615
confidence_x02877-1_model_0.json,0.9546450972557068,0.9582669138908386,0.9781137704849243,0.9781137704849243,0.0,0.9487778544425964,0.9516887664794922,0.38453784584999084,0.5015137195587158,0.9567247033119202,0.9651533365249634,0.9567247033119202,0.7407962679862976,0.9781137704849243,0.9651533365249634
confidence_x00543-1_model_0.json,0.9375035166740417,0.9661418199539185,0.9032033085823059,0.9032033085823059,0.0,0.9460785388946533,0.9202788472175598,0.40454375743865967,1.3059275150299072,0.9695351123809814,0.9652884602546692,0.9695351123809814,0.4832344949245453,0.9032033085823059,0.9652884602546692
confidence_x01108-1_model_0.json,0.9537450671195984,0.9684353470802307,0.9629902839660645,0.9629902839660645,0.0,0.9514337778091431,0.9119512438774109,0.3621806502342224,0.6024737358093262,0.9688321948051453,0.9560743570327759,0.9688321948051453,0.636116623878479,0.9629902839660645,0.9560743570327759
confidence_x02859-1_model_0.json,0.9451588988304138,0.9616470336914062,0.9515379071235657,0.9515379071235657,0.0,0.9435640573501587,0.9236684441566467,0.405538946390152,0.7112804055213928,0.9629689455032349,0.9057049751281738,0.9629689455032349,0.6194103360176086,0.9515379071235657,0.9057049751281738
confidence_x01105-1_model_0.json,0.9535921216011047,0.9641356468200684,0.9627017974853516,0.9627017974853516,0.0,0.9513146877288818,0.917970597743988,0.37813612818717957,0.6363288164138794,0.9642796516418457,0.9535527229309082,0.9642796516418457,0.6210006475448608,0.9627017974853516,0.9535527229309082
confidence_x02793-1_model_0.json,0.9336644411087036,0.9601995348930359,0.9553983807563782,0.9553983807563782,0.0,0.928230881690979,0.8740992546081543,0.40479737520217896,0.7120358943939209,0.960820734500885,0.9306626915931702,0.960820734500885,0.6214184165000916,0.9553983807563782,0.9306626915931702
confidence_x00252-1_model_0.json,0.9402574896812439,0.9636645913124084,0.9005727767944336,0.9005727767944336,0.0,0.9501786231994629,0.914665162563324,0.41273999214172363,1.4871547222137451,0.9663116931915283,0.9859946966171265,0.9663116931915283,0.5321210622787476,0.9005727767944336,0.9859946966171265
confidence_x00086-1_model_0.json,0.9422137141227722,0.9599025249481201,0.9072109460830688,0.9072109460830688,0.0,0.9509644508361816,0.899357259273529,0.41235876083374023,1.2697964906692505,0.9622457027435303,0.9652873277664185,0.9622457027435303,0.40881457924842834,0.9072109460830688,0.9652873277664185
